layer_name,cosine_similarity,sensitive,weight_shape
model.language_model.layers.0.self_attn.k_proj,0.8734655976295471,True,"[256, 1536]"
model.language_model.layers.0.self_attn.q_proj,0.8598877787590027,True,"[2048, 1536]"
model.language_model.layers.0.self_attn.v_proj,0.8747170567512512,True,"[256, 1536]"
model.language_model.layers.0.self_attn.o_proj,0.8654359579086304,True,"[1536, 2048]"
model.language_model.layers.0.mlp.gate_proj,0.8681985139846802,True,"[6144, 1536]"
model.language_model.layers.0.mlp.up_proj,0.8720060586929321,True,"[6144, 1536]"
model.language_model.layers.0.mlp.down_proj,0.8659297823905945,True,"[1536, 6144]"
model.language_model.layers.0.per_layer_input_gate,0.8598548173904419,True,"[256, 1536]"
model.language_model.layers.0.per_layer_projection,0.8333829641342163,True,"[1536, 256]"
model.language_model.layers.1.self_attn.k_proj,0.8589626550674438,True,"[256, 1536]"
model.language_model.layers.1.self_attn.q_proj,0.8558567762374878,True,"[2048, 1536]"
model.language_model.layers.1.self_attn.v_proj,0.8703213334083557,True,"[256, 1536]"
model.language_model.layers.1.self_attn.o_proj,0.8699935674667358,True,"[1536, 2048]"
model.language_model.layers.1.mlp.gate_proj,0.8701381683349609,True,"[6144, 1536]"
model.language_model.layers.1.mlp.up_proj,0.8713905215263367,True,"[6144, 1536]"
model.language_model.layers.1.mlp.down_proj,0.8683556318283081,True,"[1536, 6144]"
model.language_model.layers.1.per_layer_input_gate,0.8503060340881348,True,"[256, 1536]"
model.language_model.layers.1.per_layer_projection,0.857254147529602,True,"[1536, 256]"
model.language_model.layers.2.self_attn.k_proj,0.8737936019897461,True,"[256, 1536]"
model.language_model.layers.2.self_attn.q_proj,0.8683059215545654,True,"[2048, 1536]"
model.language_model.layers.2.self_attn.v_proj,0.8632996082305908,True,"[256, 1536]"
model.language_model.layers.2.self_attn.o_proj,0.8685122728347778,True,"[1536, 2048]"
model.language_model.layers.2.mlp.gate_proj,0.8736876249313354,True,"[6144, 1536]"
model.language_model.layers.2.mlp.up_proj,0.8755077123641968,True,"[6144, 1536]"
model.language_model.layers.2.mlp.down_proj,0.8616382479667664,True,"[1536, 6144]"
model.language_model.layers.2.per_layer_input_gate,0.8245326280593872,True,"[256, 1536]"
model.language_model.layers.2.per_layer_projection,0.8784301280975342,True,"[1536, 256]"
model.language_model.layers.3.self_attn.k_proj,0.843476414680481,True,"[256, 1536]"
model.language_model.layers.3.self_attn.q_proj,0.8489591479301453,True,"[2048, 1536]"
model.language_model.layers.3.self_attn.v_proj,0.8721809387207031,True,"[256, 1536]"
model.language_model.layers.3.self_attn.o_proj,0.857892632484436,True,"[1536, 2048]"
model.language_model.layers.3.mlp.gate_proj,0.8674593567848206,True,"[6144, 1536]"
model.language_model.layers.3.mlp.up_proj,0.8688191175460815,True,"[6144, 1536]"
model.language_model.layers.3.mlp.down_proj,0.8585134744644165,True,"[1536, 6144]"
model.language_model.layers.3.per_layer_input_gate,0.8438689112663269,True,"[256, 1536]"
model.language_model.layers.3.per_layer_projection,0.7996399402618408,True,"[1536, 256]"
model.language_model.layers.4.self_attn.k_proj,0.8380450010299683,True,"[512, 1536]"
model.language_model.layers.4.self_attn.q_proj,0.8549708724021912,True,"[4096, 1536]"
model.language_model.layers.4.self_attn.v_proj,0.8623155951499939,True,"[512, 1536]"
model.language_model.layers.4.self_attn.o_proj,0.8582156300544739,True,"[1536, 4096]"
model.language_model.layers.4.mlp.gate_proj,0.8619011640548706,True,"[6144, 1536]"
model.language_model.layers.4.mlp.up_proj,0.8674522042274475,True,"[6144, 1536]"
model.language_model.layers.4.mlp.down_proj,0.8615976572036743,True,"[1536, 6144]"
model.language_model.layers.4.per_layer_input_gate,0.8209556341171265,True,"[256, 1536]"
model.language_model.layers.4.per_layer_projection,0.839290201663971,True,"[1536, 256]"
model.language_model.layers.5.self_attn.k_proj,0.8544973134994507,True,"[256, 1536]"
model.language_model.layers.5.self_attn.q_proj,0.8475692272186279,True,"[2048, 1536]"
model.language_model.layers.5.self_attn.v_proj,0.849535346031189,True,"[256, 1536]"
model.language_model.layers.5.self_attn.o_proj,0.8564544320106506,True,"[1536, 2048]"
model.language_model.layers.5.mlp.gate_proj,0.8652055859565735,True,"[6144, 1536]"
model.language_model.layers.5.mlp.up_proj,0.868933916091919,True,"[6144, 1536]"
model.language_model.layers.5.mlp.down_proj,0.8680657148361206,True,"[1536, 6144]"
model.language_model.layers.5.per_layer_input_gate,0.7994006276130676,True,"[256, 1536]"
model.language_model.layers.5.per_layer_projection,0.8193527460098267,True,"[1536, 256]"
model.language_model.layers.6.self_attn.k_proj,0.8679297566413879,True,"[256, 1536]"
model.language_model.layers.6.self_attn.q_proj,0.8585385084152222,True,"[2048, 1536]"
model.language_model.layers.6.self_attn.v_proj,0.8772363662719727,True,"[256, 1536]"
model.language_model.layers.6.self_attn.o_proj,0.8672166466712952,True,"[1536, 2048]"
model.language_model.layers.6.mlp.gate_proj,0.8671088814735413,True,"[6144, 1536]"
model.language_model.layers.6.mlp.up_proj,0.8733791708946228,True,"[6144, 1536]"
model.language_model.layers.6.mlp.down_proj,0.8702109456062317,True,"[1536, 6144]"
model.language_model.layers.6.per_layer_input_gate,0.775409460067749,True,"[256, 1536]"
model.language_model.layers.6.per_layer_projection,0.7872145175933838,True,"[1536, 256]"
model.language_model.layers.7.self_attn.k_proj,0.8440067172050476,True,"[256, 1536]"
model.language_model.layers.7.self_attn.q_proj,0.8493542671203613,True,"[2048, 1536]"
model.language_model.layers.7.self_attn.v_proj,0.8677475452423096,True,"[256, 1536]"
model.language_model.layers.7.self_attn.o_proj,0.865479052066803,True,"[1536, 2048]"
model.language_model.layers.7.mlp.gate_proj,0.8590904474258423,True,"[6144, 1536]"
model.language_model.layers.7.mlp.up_proj,0.8741459846496582,True,"[6144, 1536]"
model.language_model.layers.7.mlp.down_proj,0.8675674796104431,True,"[1536, 6144]"
model.language_model.layers.7.per_layer_input_gate,0.7522655129432678,True,"[256, 1536]"
model.language_model.layers.7.per_layer_projection,0.8164010047912598,True,"[1536, 256]"
model.language_model.layers.8.self_attn.k_proj,0.8521150946617126,True,"[256, 1536]"
model.language_model.layers.8.self_attn.q_proj,0.849502444267273,True,"[2048, 1536]"
model.language_model.layers.8.self_attn.v_proj,0.836509644985199,True,"[256, 1536]"
model.language_model.layers.8.self_attn.o_proj,0.856238842010498,True,"[1536, 2048]"
model.language_model.layers.8.mlp.gate_proj,0.8483363389968872,True,"[6144, 1536]"
model.language_model.layers.8.mlp.up_proj,0.8688298463821411,True,"[6144, 1536]"
model.language_model.layers.8.mlp.down_proj,0.8639310002326965,True,"[1536, 6144]"
model.language_model.layers.8.per_layer_input_gate,0.7810289263725281,True,"[256, 1536]"
model.language_model.layers.8.per_layer_projection,0.8147972226142883,True,"[1536, 256]"
model.language_model.layers.9.self_attn.k_proj,0.8484126329421997,True,"[512, 1536]"
model.language_model.layers.9.self_attn.q_proj,0.8513953685760498,True,"[4096, 1536]"
model.language_model.layers.9.self_attn.v_proj,0.8677549362182617,True,"[512, 1536]"
model.language_model.layers.9.self_attn.o_proj,0.8536470532417297,True,"[1536, 4096]"
model.language_model.layers.9.mlp.gate_proj,0.8436704277992249,True,"[6144, 1536]"
model.language_model.layers.9.mlp.up_proj,0.8687748908996582,True,"[6144, 1536]"
model.language_model.layers.9.mlp.down_proj,0.8666094541549683,True,"[1536, 6144]"
model.language_model.layers.9.per_layer_input_gate,0.6779559850692749,True,"[256, 1536]"
model.language_model.layers.9.per_layer_projection,0.8106050491333008,True,"[1536, 256]"
model.language_model.layers.10.self_attn.k_proj,0.8301458358764648,True,"[256, 1536]"
model.language_model.layers.10.self_attn.q_proj,0.8394471406936646,True,"[2048, 1536]"
model.language_model.layers.10.self_attn.v_proj,0.865397036075592,True,"[256, 1536]"
model.language_model.layers.10.self_attn.o_proj,0.8599395751953125,True,"[1536, 2048]"
model.language_model.layers.10.mlp.gate_proj,0.840320885181427,True,"[6144, 1536]"
model.language_model.layers.10.mlp.up_proj,0.8712520599365234,True,"[6144, 1536]"
model.language_model.layers.10.mlp.down_proj,0.8615098595619202,True,"[1536, 6144]"
model.language_model.layers.10.per_layer_input_gate,0.7064940929412842,True,"[256, 1536]"
model.language_model.layers.10.per_layer_projection,0.8236383199691772,True,"[1536, 256]"
model.language_model.layers.11.self_attn.k_proj,0.8081496953964233,True,"[256, 1536]"
model.language_model.layers.11.self_attn.q_proj,0.840353786945343,True,"[2048, 1536]"
model.language_model.layers.11.self_attn.v_proj,0.861666738986969,True,"[256, 1536]"
model.language_model.layers.11.self_attn.o_proj,0.8366845846176147,True,"[1536, 2048]"
model.language_model.layers.11.mlp.gate_proj,0.8349588513374329,True,"[6144, 1536]"
model.language_model.layers.11.mlp.up_proj,0.8620400428771973,True,"[6144, 1536]"
model.language_model.layers.11.mlp.down_proj,0.8592613339424133,True,"[1536, 6144]"
model.language_model.layers.11.per_layer_input_gate,0.7541327476501465,True,"[256, 1536]"
model.language_model.layers.11.per_layer_projection,0.8044561147689819,True,"[1536, 256]"
model.language_model.layers.12.self_attn.k_proj,0.8214496970176697,True,"[256, 1536]"
model.language_model.layers.12.self_attn.q_proj,0.8313809633255005,True,"[2048, 1536]"
model.language_model.layers.12.self_attn.v_proj,0.8542705178260803,True,"[256, 1536]"
model.language_model.layers.12.self_attn.o_proj,0.8559869527816772,True,"[1536, 2048]"
model.language_model.layers.12.mlp.gate_proj,0.8238941431045532,True,"[6144, 1536]"
model.language_model.layers.12.mlp.up_proj,0.861621618270874,True,"[6144, 1536]"
model.language_model.layers.12.mlp.down_proj,0.8486487865447998,True,"[1536, 6144]"
model.language_model.layers.12.per_layer_input_gate,0.7769054174423218,True,"[256, 1536]"
model.language_model.layers.12.per_layer_projection,0.7459169626235962,True,"[1536, 256]"
model.language_model.layers.13.self_attn.k_proj,0.8490586280822754,True,"[256, 1536]"
model.language_model.layers.13.self_attn.q_proj,0.8233065605163574,True,"[2048, 1536]"
model.language_model.layers.13.self_attn.v_proj,0.780125617980957,True,"[256, 1536]"
model.language_model.layers.13.self_attn.o_proj,0.8212630152702332,True,"[1536, 2048]"
model.language_model.layers.13.mlp.gate_proj,0.8208052515983582,True,"[6144, 1536]"
model.language_model.layers.13.mlp.up_proj,0.8456027507781982,True,"[6144, 1536]"
model.language_model.layers.13.mlp.down_proj,0.8380274772644043,True,"[1536, 6144]"
model.language_model.layers.13.per_layer_input_gate,0.7804189324378967,True,"[256, 1536]"
model.language_model.layers.13.per_layer_projection,0.7381575107574463,True,"[1536, 256]"
model.language_model.layers.14.self_attn.k_proj,0.8424616456031799,True,"[512, 1536]"
model.language_model.layers.14.self_attn.q_proj,0.8230257034301758,True,"[4096, 1536]"
model.language_model.layers.14.self_attn.v_proj,0.7932697534561157,True,"[512, 1536]"
model.language_model.layers.14.self_attn.o_proj,0.8578675985336304,True,"[1536, 4096]"
model.language_model.layers.14.mlp.gate_proj,0.841671347618103,True,"[6144, 1536]"
model.language_model.layers.14.mlp.up_proj,0.8692055344581604,True,"[6144, 1536]"
model.language_model.layers.14.mlp.down_proj,0.8643430471420288,True,"[1536, 6144]"
model.language_model.layers.14.per_layer_input_gate,0.8041622638702393,True,"[256, 1536]"
model.language_model.layers.14.per_layer_projection,0.8497396111488342,True,"[1536, 256]"
model.language_model.layers.15.self_attn.k_proj,0.907664954662323,False,"[256, 1536]"
model.language_model.layers.15.self_attn.q_proj,0.8309329152107239,True,"[2048, 1536]"
model.language_model.layers.15.self_attn.v_proj,0.9073753952980042,False,"[256, 1536]"
model.language_model.layers.15.self_attn.o_proj,0.8646858930587769,True,"[1536, 2048]"
model.language_model.layers.15.mlp.gate_proj,0.8482154607772827,True,"[12288, 1536]"
model.language_model.layers.15.mlp.up_proj,0.8708417415618896,True,"[12288, 1536]"
model.language_model.layers.15.mlp.down_proj,0.8648625612258911,True,"[1536, 12288]"
model.language_model.layers.15.per_layer_input_gate,0.8035379648208618,True,"[256, 1536]"
model.language_model.layers.15.per_layer_projection,0.6875631809234619,True,"[1536, 256]"
model.language_model.layers.16.self_attn.k_proj,0.9074089527130127,False,"[256, 1536]"
model.language_model.layers.16.self_attn.q_proj,0.836401104927063,True,"[2048, 1536]"
model.language_model.layers.16.self_attn.v_proj,0.9075479507446289,False,"[256, 1536]"
model.language_model.layers.16.self_attn.o_proj,0.8687400817871094,True,"[1536, 2048]"
model.language_model.layers.16.mlp.gate_proj,0.8586421608924866,True,"[12288, 1536]"
model.language_model.layers.16.mlp.up_proj,0.8767191171646118,True,"[12288, 1536]"
model.language_model.layers.16.mlp.down_proj,0.8721508979797363,True,"[1536, 12288]"
model.language_model.layers.16.per_layer_input_gate,0.7441747188568115,True,"[256, 1536]"
model.language_model.layers.16.per_layer_projection,0.7559347748756409,True,"[1536, 256]"
model.language_model.layers.17.self_attn.k_proj,0.9073734879493713,False,"[256, 1536]"
model.language_model.layers.17.self_attn.q_proj,0.8284794092178345,True,"[2048, 1536]"
model.language_model.layers.17.self_attn.v_proj,0.9074248671531677,False,"[256, 1536]"
model.language_model.layers.17.self_attn.o_proj,0.8722805380821228,True,"[1536, 2048]"
model.language_model.layers.17.mlp.gate_proj,0.8655637502670288,True,"[12288, 1536]"
model.language_model.layers.17.mlp.up_proj,0.879690945148468,True,"[12288, 1536]"
model.language_model.layers.17.mlp.down_proj,0.873721718788147,True,"[1536, 12288]"
model.language_model.layers.17.per_layer_input_gate,0.743030309677124,True,"[256, 1536]"
model.language_model.layers.17.per_layer_projection,0.8261609673500061,True,"[1536, 256]"
model.language_model.layers.18.self_attn.k_proj,0.9072858095169067,False,"[256, 1536]"
model.language_model.layers.18.self_attn.q_proj,0.821377158164978,True,"[2048, 1536]"
model.language_model.layers.18.self_attn.v_proj,0.907314658164978,False,"[256, 1536]"
model.language_model.layers.18.self_attn.o_proj,0.8646843433380127,True,"[1536, 2048]"
model.language_model.layers.18.mlp.gate_proj,0.8590748310089111,True,"[12288, 1536]"
model.language_model.layers.18.mlp.up_proj,0.8765935301780701,True,"[12288, 1536]"
model.language_model.layers.18.mlp.down_proj,0.8712286949157715,True,"[1536, 12288]"
model.language_model.layers.18.per_layer_input_gate,0.7210934162139893,True,"[256, 1536]"
model.language_model.layers.18.per_layer_projection,0.8607579469680786,True,"[1536, 256]"
model.language_model.layers.19.self_attn.k_proj,0.9076560139656067,False,"[512, 1536]"
model.language_model.layers.19.self_attn.q_proj,0.8423696756362915,True,"[4096, 1536]"
model.language_model.layers.19.self_attn.v_proj,0.9074946641921997,False,"[512, 1536]"
model.language_model.layers.19.self_attn.o_proj,0.8629932403564453,True,"[1536, 4096]"
model.language_model.layers.19.mlp.gate_proj,0.8468984365463257,True,"[12288, 1536]"
model.language_model.layers.19.mlp.up_proj,0.8723621368408203,True,"[12288, 1536]"
model.language_model.layers.19.mlp.down_proj,0.8719362020492554,True,"[1536, 12288]"
model.language_model.layers.19.per_layer_input_gate,0.6616240739822388,True,"[256, 1536]"
model.language_model.layers.19.per_layer_projection,0.8562411665916443,True,"[1536, 256]"
model.language_model.layers.20.self_attn.k_proj,0.9076199531555176,False,"[256, 1536]"
model.language_model.layers.20.self_attn.q_proj,0.8110223412513733,True,"[2048, 1536]"
model.language_model.layers.20.self_attn.v_proj,0.907467782497406,False,"[256, 1536]"
model.language_model.layers.20.self_attn.o_proj,0.8682706356048584,True,"[1536, 2048]"
model.language_model.layers.20.mlp.gate_proj,0.8473692536354065,True,"[12288, 1536]"
model.language_model.layers.20.mlp.up_proj,0.8734036684036255,True,"[12288, 1536]"
model.language_model.layers.20.mlp.down_proj,0.8706461787223816,True,"[1536, 12288]"
model.language_model.layers.20.per_layer_input_gate,0.6711728572845459,True,"[256, 1536]"
model.language_model.layers.20.per_layer_projection,0.8473836183547974,True,"[1536, 256]"
model.language_model.layers.21.self_attn.k_proj,0.9075568914413452,False,"[256, 1536]"
model.language_model.layers.21.self_attn.q_proj,0.8038126230239868,True,"[2048, 1536]"
model.language_model.layers.21.self_attn.v_proj,0.9074626564979553,False,"[256, 1536]"
model.language_model.layers.21.self_attn.o_proj,0.8606477975845337,True,"[1536, 2048]"
model.language_model.layers.21.mlp.gate_proj,0.8508107662200928,True,"[12288, 1536]"
model.language_model.layers.21.mlp.up_proj,0.8792292475700378,True,"[12288, 1536]"
model.language_model.layers.21.mlp.down_proj,0.8745479583740234,True,"[1536, 12288]"
model.language_model.layers.21.per_layer_input_gate,0.6611431241035461,True,"[256, 1536]"
model.language_model.layers.21.per_layer_projection,0.8287621736526489,True,"[1536, 256]"
model.language_model.layers.22.self_attn.k_proj,0.9073271751403809,False,"[256, 1536]"
model.language_model.layers.22.self_attn.q_proj,0.8238818645477295,True,"[2048, 1536]"
model.language_model.layers.22.self_attn.v_proj,0.9074581861495972,False,"[256, 1536]"
model.language_model.layers.22.self_attn.o_proj,0.8683405518531799,True,"[1536, 2048]"
model.language_model.layers.22.mlp.gate_proj,0.8519725799560547,True,"[12288, 1536]"
model.language_model.layers.22.mlp.up_proj,0.8774682283401489,True,"[12288, 1536]"
model.language_model.layers.22.mlp.down_proj,0.8747599124908447,True,"[1536, 12288]"
model.language_model.layers.22.per_layer_input_gate,0.6996052265167236,True,"[256, 1536]"
model.language_model.layers.22.per_layer_projection,0.8461740016937256,True,"[1536, 256]"
model.language_model.layers.23.self_attn.k_proj,0.9074443578720093,False,"[256, 1536]"
model.language_model.layers.23.self_attn.q_proj,0.8222719430923462,True,"[2048, 1536]"
model.language_model.layers.23.self_attn.v_proj,0.9076648950576782,False,"[256, 1536]"
model.language_model.layers.23.self_attn.o_proj,0.8651574850082397,True,"[1536, 2048]"
model.language_model.layers.23.mlp.gate_proj,0.8479772806167603,True,"[12288, 1536]"
model.language_model.layers.23.mlp.up_proj,0.8684298992156982,True,"[12288, 1536]"
model.language_model.layers.23.mlp.down_proj,0.863900899887085,True,"[1536, 12288]"
model.language_model.layers.23.per_layer_input_gate,0.7448351383209229,True,"[256, 1536]"
model.language_model.layers.23.per_layer_projection,0.8529946804046631,True,"[1536, 256]"
model.language_model.layers.24.self_attn.k_proj,0.9074276685714722,False,"[512, 1536]"
model.language_model.layers.24.self_attn.q_proj,0.848507285118103,True,"[4096, 1536]"
model.language_model.layers.24.self_attn.v_proj,0.9075965881347656,False,"[512, 1536]"
model.language_model.layers.24.self_attn.o_proj,0.8616776466369629,True,"[1536, 4096]"
model.language_model.layers.24.mlp.gate_proj,0.84287029504776,True,"[12288, 1536]"
model.language_model.layers.24.mlp.up_proj,0.863117516040802,True,"[12288, 1536]"
model.language_model.layers.24.mlp.down_proj,0.8623740673065186,True,"[1536, 12288]"
model.language_model.layers.24.per_layer_input_gate,0.856035590171814,True,"[256, 1536]"
model.language_model.layers.24.per_layer_projection,0.8421630859375,True,"[1536, 256]"
model.language_model.layers.25.self_attn.k_proj,0.9076277017593384,False,"[256, 1536]"
model.language_model.layers.25.self_attn.q_proj,0.8229854702949524,True,"[2048, 1536]"
model.language_model.layers.25.self_attn.v_proj,0.9075237512588501,False,"[256, 1536]"
model.language_model.layers.25.self_attn.o_proj,0.856637716293335,True,"[1536, 2048]"
model.language_model.layers.25.mlp.gate_proj,0.8562922477722168,True,"[12288, 1536]"
model.language_model.layers.25.mlp.up_proj,0.8755172491073608,True,"[12288, 1536]"
model.language_model.layers.25.mlp.down_proj,0.8700830936431885,True,"[1536, 12288]"
model.language_model.layers.25.per_layer_input_gate,0.8714046478271484,True,"[256, 1536]"
model.language_model.layers.25.per_layer_projection,0.8509955406188965,True,"[1536, 256]"
model.language_model.layers.26.self_attn.k_proj,0.9076972007751465,False,"[256, 1536]"
model.language_model.layers.26.self_attn.q_proj,0.8229426741600037,True,"[2048, 1536]"
model.language_model.layers.26.self_attn.v_proj,0.9074736833572388,False,"[256, 1536]"
model.language_model.layers.26.self_attn.o_proj,0.8586275577545166,True,"[1536, 2048]"
model.language_model.layers.26.mlp.gate_proj,0.8651591539382935,True,"[12288, 1536]"
model.language_model.layers.26.mlp.up_proj,0.8783447742462158,True,"[12288, 1536]"
model.language_model.layers.26.mlp.down_proj,0.874402642250061,True,"[1536, 12288]"
model.language_model.layers.26.per_layer_input_gate,0.8709173798561096,True,"[256, 1536]"
model.language_model.layers.26.per_layer_projection,0.8629013299942017,True,"[1536, 256]"
model.language_model.layers.27.self_attn.k_proj,0.9075530767440796,False,"[256, 1536]"
model.language_model.layers.27.self_attn.q_proj,0.8296192288398743,True,"[2048, 1536]"
model.language_model.layers.27.self_attn.v_proj,0.9073981046676636,False,"[256, 1536]"
model.language_model.layers.27.self_attn.o_proj,0.8508685827255249,True,"[1536, 2048]"
model.language_model.layers.27.mlp.gate_proj,0.8662089109420776,True,"[12288, 1536]"
model.language_model.layers.27.mlp.up_proj,0.8787171840667725,True,"[12288, 1536]"
model.language_model.layers.27.mlp.down_proj,0.8776602745056152,True,"[1536, 12288]"
model.language_model.layers.27.per_layer_input_gate,0.8748749494552612,True,"[256, 1536]"
model.language_model.layers.27.per_layer_projection,0.8647217750549316,True,"[1536, 256]"
model.language_model.layers.28.self_attn.k_proj,0.9074151515960693,False,"[256, 1536]"
model.language_model.layers.28.self_attn.q_proj,0.8252032399177551,True,"[2048, 1536]"
model.language_model.layers.28.self_attn.v_proj,0.9076377749443054,False,"[256, 1536]"
model.language_model.layers.28.self_attn.o_proj,0.8499892950057983,True,"[1536, 2048]"
model.language_model.layers.28.mlp.gate_proj,0.8641916513442993,True,"[12288, 1536]"
model.language_model.layers.28.mlp.up_proj,0.8792241811752319,True,"[12288, 1536]"
model.language_model.layers.28.mlp.down_proj,0.8791871070861816,True,"[1536, 12288]"
model.language_model.layers.28.per_layer_input_gate,0.8760858178138733,True,"[256, 1536]"
model.language_model.layers.28.per_layer_projection,0.863760232925415,True,"[1536, 256]"
model.language_model.layers.29.self_attn.k_proj,0.907357931137085,False,"[512, 1536]"
model.language_model.layers.29.self_attn.q_proj,0.8452385663986206,True,"[4096, 1536]"
model.language_model.layers.29.self_attn.v_proj,0.9071024656295776,False,"[512, 1536]"
model.language_model.layers.29.self_attn.o_proj,0.860908031463623,True,"[1536, 4096]"
model.language_model.layers.29.mlp.gate_proj,0.8742283582687378,True,"[12288, 1536]"
model.language_model.layers.29.mlp.up_proj,0.8817167282104492,True,"[12288, 1536]"
model.language_model.layers.29.mlp.down_proj,0.879311203956604,True,"[1536, 12288]"
model.language_model.layers.29.per_layer_input_gate,0.8736841678619385,True,"[256, 1536]"
model.language_model.layers.29.per_layer_projection,0.8290655612945557,True,"[1536, 256]"
model.language_model.layers.30.self_attn.k_proj,0.9074459075927734,False,"[256, 1536]"
model.language_model.layers.30.self_attn.q_proj,0.8372576832771301,True,"[2048, 1536]"
model.language_model.layers.30.self_attn.v_proj,0.9075762033462524,False,"[256, 1536]"
model.language_model.layers.30.self_attn.o_proj,0.8699536323547363,True,"[1536, 2048]"
model.language_model.layers.30.mlp.gate_proj,0.8749178647994995,True,"[12288, 1536]"
model.language_model.layers.30.mlp.up_proj,0.8839002847671509,True,"[12288, 1536]"
model.language_model.layers.30.mlp.down_proj,0.8822290897369385,True,"[1536, 12288]"
model.language_model.layers.30.per_layer_input_gate,0.8658819794654846,True,"[256, 1536]"
model.language_model.layers.30.per_layer_projection,0.7803255915641785,True,"[1536, 256]"
model.language_model.layers.31.self_attn.k_proj,0.9075992107391357,False,"[256, 1536]"
model.language_model.layers.31.self_attn.q_proj,0.8370150327682495,True,"[2048, 1536]"
model.language_model.layers.31.self_attn.v_proj,0.9077801704406738,False,"[256, 1536]"
model.language_model.layers.31.self_attn.o_proj,0.8630009293556213,True,"[1536, 2048]"
model.language_model.layers.31.mlp.gate_proj,0.8771491646766663,True,"[12288, 1536]"
model.language_model.layers.31.mlp.up_proj,0.8845290541648865,True,"[12288, 1536]"
model.language_model.layers.31.mlp.down_proj,0.8820335865020752,True,"[1536, 12288]"
model.language_model.layers.31.per_layer_input_gate,0.8675189018249512,True,"[256, 1536]"
model.language_model.layers.31.per_layer_projection,0.7841598987579346,True,"[1536, 256]"
model.language_model.layers.32.self_attn.k_proj,0.9077587723731995,False,"[256, 1536]"
model.language_model.layers.32.self_attn.q_proj,0.8355725407600403,True,"[2048, 1536]"
model.language_model.layers.32.self_attn.v_proj,0.9075978994369507,False,"[256, 1536]"
model.language_model.layers.32.self_attn.o_proj,0.867485761642456,True,"[1536, 2048]"
model.language_model.layers.32.mlp.gate_proj,0.8701696395874023,True,"[12288, 1536]"
model.language_model.layers.32.mlp.up_proj,0.8839879035949707,True,"[12288, 1536]"
model.language_model.layers.32.mlp.down_proj,0.880970299243927,True,"[1536, 12288]"
model.language_model.layers.32.per_layer_input_gate,0.8628395199775696,True,"[256, 1536]"
model.language_model.layers.32.per_layer_projection,0.7631946802139282,True,"[1536, 256]"
model.language_model.layers.33.self_attn.k_proj,0.9076716899871826,False,"[256, 1536]"
model.language_model.layers.33.self_attn.q_proj,0.837431788444519,True,"[2048, 1536]"
model.language_model.layers.33.self_attn.v_proj,0.9072800278663635,False,"[256, 1536]"
model.language_model.layers.33.self_attn.o_proj,0.8679508566856384,True,"[1536, 2048]"
model.language_model.layers.33.mlp.gate_proj,0.8565633296966553,True,"[12288, 1536]"
model.language_model.layers.33.mlp.up_proj,0.8809400796890259,True,"[12288, 1536]"
model.language_model.layers.33.mlp.down_proj,0.8757998943328857,True,"[1536, 12288]"
model.language_model.layers.33.per_layer_input_gate,0.8443561792373657,True,"[256, 1536]"
model.language_model.layers.33.per_layer_projection,0.8463141918182373,True,"[1536, 256]"
model.language_model.layers.34.self_attn.k_proj,0.907483696937561,False,"[512, 1536]"
model.language_model.layers.34.self_attn.q_proj,0.8545335531234741,True,"[4096, 1536]"
model.language_model.layers.34.self_attn.v_proj,0.9077153205871582,False,"[512, 1536]"
model.language_model.layers.34.self_attn.o_proj,0.8582257032394409,True,"[1536, 4096]"
model.language_model.layers.34.mlp.gate_proj,0.8551098704338074,True,"[12288, 1536]"
model.language_model.layers.34.mlp.up_proj,0.876299262046814,True,"[12288, 1536]"
model.language_model.layers.34.mlp.down_proj,0.8693932890892029,True,"[1536, 12288]"
model.language_model.layers.34.per_layer_input_gate,0.768380880355835,True,"[256, 1536]"
model.language_model.layers.34.per_layer_projection,0.8316507339477539,True,"[1536, 256]"
model.language_model.per_layer_model_projection,0.8631359934806824,True,"[8960, 1536]"
model.vision_tower.patch_embedder.input_proj,0.7781419157981873,True,"[768, 768]"
model.vision_tower.encoder.layers.0.self_attn.q_proj.linear,0.8229529857635498,True,"[768, 768]"
model.vision_tower.encoder.layers.0.self_attn.k_proj.linear,0.8406598567962646,True,"[768, 768]"
model.vision_tower.encoder.layers.0.self_attn.v_proj.linear,0.8156336545944214,True,"[768, 768]"
model.vision_tower.encoder.layers.0.self_attn.o_proj.linear,0.7064810395240784,True,"[768, 768]"
model.vision_tower.encoder.layers.0.mlp.gate_proj.linear,0.8504915237426758,True,"[3072, 768]"
model.vision_tower.encoder.layers.0.mlp.up_proj.linear,0.8519229888916016,True,"[3072, 768]"
model.vision_tower.encoder.layers.0.mlp.down_proj.linear,0.8298206925392151,True,"[768, 3072]"
model.vision_tower.encoder.layers.1.self_attn.q_proj.linear,0.8559507727622986,True,"[768, 768]"
model.vision_tower.encoder.layers.1.self_attn.k_proj.linear,0.854388952255249,True,"[768, 768]"
model.vision_tower.encoder.layers.1.self_attn.v_proj.linear,0.8353838920593262,True,"[768, 768]"
model.vision_tower.encoder.layers.1.self_attn.o_proj.linear,0.8039449453353882,True,"[768, 768]"
model.vision_tower.encoder.layers.1.mlp.gate_proj.linear,0.8634037375450134,True,"[3072, 768]"
model.vision_tower.encoder.layers.1.mlp.up_proj.linear,0.8639107942581177,True,"[3072, 768]"
model.vision_tower.encoder.layers.1.mlp.down_proj.linear,0.8367511630058289,True,"[768, 3072]"
model.vision_tower.encoder.layers.2.self_attn.q_proj.linear,0.8648183345794678,True,"[768, 768]"
model.vision_tower.encoder.layers.2.self_attn.k_proj.linear,0.8523542881011963,True,"[768, 768]"
model.vision_tower.encoder.layers.2.self_attn.v_proj.linear,0.85402911901474,True,"[768, 768]"
model.vision_tower.encoder.layers.2.self_attn.o_proj.linear,0.7631886601448059,True,"[768, 768]"
model.vision_tower.encoder.layers.2.mlp.gate_proj.linear,0.8642130494117737,True,"[3072, 768]"
model.vision_tower.encoder.layers.2.mlp.up_proj.linear,0.8657329678535461,True,"[3072, 768]"
model.vision_tower.encoder.layers.2.mlp.down_proj.linear,0.8410782217979431,True,"[768, 3072]"
model.vision_tower.encoder.layers.3.self_attn.q_proj.linear,0.864894688129425,True,"[768, 768]"
model.vision_tower.encoder.layers.3.self_attn.k_proj.linear,0.8627296686172485,True,"[768, 768]"
model.vision_tower.encoder.layers.3.self_attn.v_proj.linear,0.857977032661438,True,"[768, 768]"
model.vision_tower.encoder.layers.3.self_attn.o_proj.linear,0.8413420915603638,True,"[768, 768]"
model.vision_tower.encoder.layers.3.mlp.gate_proj.linear,0.8650813698768616,True,"[3072, 768]"
model.vision_tower.encoder.layers.3.mlp.up_proj.linear,0.8675388097763062,True,"[3072, 768]"
model.vision_tower.encoder.layers.3.mlp.down_proj.linear,0.8482062816619873,True,"[768, 3072]"
model.vision_tower.encoder.layers.4.self_attn.q_proj.linear,0.8709515929222107,True,"[768, 768]"
model.vision_tower.encoder.layers.4.self_attn.k_proj.linear,0.8594955205917358,True,"[768, 768]"
model.vision_tower.encoder.layers.4.self_attn.v_proj.linear,0.8657568693161011,True,"[768, 768]"
model.vision_tower.encoder.layers.4.self_attn.o_proj.linear,0.8311463594436646,True,"[768, 768]"
model.vision_tower.encoder.layers.4.mlp.gate_proj.linear,0.8635672926902771,True,"[3072, 768]"
model.vision_tower.encoder.layers.4.mlp.up_proj.linear,0.8668644428253174,True,"[3072, 768]"
model.vision_tower.encoder.layers.4.mlp.down_proj.linear,0.8485989570617676,True,"[768, 3072]"
model.vision_tower.encoder.layers.5.self_attn.q_proj.linear,0.8687217831611633,True,"[768, 768]"
model.vision_tower.encoder.layers.5.self_attn.k_proj.linear,0.8646414279937744,True,"[768, 768]"
model.vision_tower.encoder.layers.5.self_attn.v_proj.linear,0.8615671396255493,True,"[768, 768]"
model.vision_tower.encoder.layers.5.self_attn.o_proj.linear,0.8519248962402344,True,"[768, 768]"
model.vision_tower.encoder.layers.5.mlp.gate_proj.linear,0.8656901121139526,True,"[3072, 768]"
model.vision_tower.encoder.layers.5.mlp.up_proj.linear,0.8674770593643188,True,"[3072, 768]"
model.vision_tower.encoder.layers.5.mlp.down_proj.linear,0.8647924661636353,True,"[768, 3072]"
model.vision_tower.encoder.layers.6.self_attn.q_proj.linear,0.8745733499526978,True,"[768, 768]"
model.vision_tower.encoder.layers.6.self_attn.k_proj.linear,0.8626008033752441,True,"[768, 768]"
model.vision_tower.encoder.layers.6.self_attn.v_proj.linear,0.8669463396072388,True,"[768, 768]"
model.vision_tower.encoder.layers.6.self_attn.o_proj.linear,0.8490111827850342,True,"[768, 768]"
model.vision_tower.encoder.layers.6.mlp.gate_proj.linear,0.8700562715530396,True,"[3072, 768]"
model.vision_tower.encoder.layers.6.mlp.up_proj.linear,0.8716326951980591,True,"[3072, 768]"
model.vision_tower.encoder.layers.6.mlp.down_proj.linear,0.8608437180519104,True,"[768, 3072]"
model.vision_tower.encoder.layers.7.self_attn.q_proj.linear,0.8736725449562073,True,"[768, 768]"
model.vision_tower.encoder.layers.7.self_attn.k_proj.linear,0.8672670125961304,True,"[768, 768]"
model.vision_tower.encoder.layers.7.self_attn.v_proj.linear,0.8727343082427979,True,"[768, 768]"
model.vision_tower.encoder.layers.7.self_attn.o_proj.linear,0.8493586778640747,True,"[768, 768]"
model.vision_tower.encoder.layers.7.mlp.gate_proj.linear,0.871043860912323,True,"[3072, 768]"
model.vision_tower.encoder.layers.7.mlp.up_proj.linear,0.872319221496582,True,"[3072, 768]"
model.vision_tower.encoder.layers.7.mlp.down_proj.linear,0.8594603538513184,True,"[768, 3072]"
model.vision_tower.encoder.layers.8.self_attn.q_proj.linear,0.8700343370437622,True,"[768, 768]"
model.vision_tower.encoder.layers.8.self_attn.k_proj.linear,0.8503824472427368,True,"[768, 768]"
model.vision_tower.encoder.layers.8.self_attn.v_proj.linear,0.8696353435516357,True,"[768, 768]"
model.vision_tower.encoder.layers.8.self_attn.o_proj.linear,0.8464699983596802,True,"[768, 768]"
model.vision_tower.encoder.layers.8.mlp.gate_proj.linear,0.8751899003982544,True,"[3072, 768]"
model.vision_tower.encoder.layers.8.mlp.up_proj.linear,0.8750104904174805,True,"[3072, 768]"
model.vision_tower.encoder.layers.8.mlp.down_proj.linear,0.8497751355171204,True,"[768, 3072]"
model.vision_tower.encoder.layers.9.self_attn.q_proj.linear,0.8723728656768799,True,"[768, 768]"
model.vision_tower.encoder.layers.9.self_attn.k_proj.linear,0.843995213508606,True,"[768, 768]"
model.vision_tower.encoder.layers.9.self_attn.v_proj.linear,0.8770148754119873,True,"[768, 768]"
model.vision_tower.encoder.layers.9.self_attn.o_proj.linear,0.8744246959686279,True,"[768, 768]"
model.vision_tower.encoder.layers.9.mlp.gate_proj.linear,0.87603759765625,True,"[3072, 768]"
model.vision_tower.encoder.layers.9.mlp.up_proj.linear,0.8760225772857666,True,"[3072, 768]"
model.vision_tower.encoder.layers.9.mlp.down_proj.linear,0.8529872894287109,True,"[768, 3072]"
model.vision_tower.encoder.layers.10.self_attn.q_proj.linear,0.8709893226623535,True,"[768, 768]"
model.vision_tower.encoder.layers.10.self_attn.k_proj.linear,0.847380518913269,True,"[768, 768]"
model.vision_tower.encoder.layers.10.self_attn.v_proj.linear,0.8774816393852234,True,"[768, 768]"
model.vision_tower.encoder.layers.10.self_attn.o_proj.linear,0.8677387833595276,True,"[768, 768]"
model.vision_tower.encoder.layers.10.mlp.gate_proj.linear,0.8750886917114258,True,"[3072, 768]"
model.vision_tower.encoder.layers.10.mlp.up_proj.linear,0.8761368989944458,True,"[3072, 768]"
model.vision_tower.encoder.layers.10.mlp.down_proj.linear,0.8607702255249023,True,"[768, 3072]"
model.vision_tower.encoder.layers.11.self_attn.q_proj.linear,0.8733862638473511,True,"[768, 768]"
model.vision_tower.encoder.layers.11.self_attn.k_proj.linear,0.8573547601699829,True,"[768, 768]"
model.vision_tower.encoder.layers.11.self_attn.v_proj.linear,0.8717261552810669,True,"[768, 768]"
model.vision_tower.encoder.layers.11.self_attn.o_proj.linear,0.8597381114959717,True,"[768, 768]"
model.vision_tower.encoder.layers.11.mlp.gate_proj.linear,0.8800807595252991,True,"[3072, 768]"
model.vision_tower.encoder.layers.11.mlp.up_proj.linear,0.8799636960029602,True,"[3072, 768]"
model.vision_tower.encoder.layers.11.mlp.down_proj.linear,0.8597924709320068,True,"[768, 3072]"
model.vision_tower.encoder.layers.12.self_attn.q_proj.linear,0.872559666633606,True,"[768, 768]"
model.vision_tower.encoder.layers.12.self_attn.k_proj.linear,0.8571893572807312,True,"[768, 768]"
model.vision_tower.encoder.layers.12.self_attn.v_proj.linear,0.8773565888404846,True,"[768, 768]"
model.vision_tower.encoder.layers.12.self_attn.o_proj.linear,0.8647154569625854,True,"[768, 768]"
model.vision_tower.encoder.layers.12.mlp.gate_proj.linear,0.8801974058151245,True,"[3072, 768]"
model.vision_tower.encoder.layers.12.mlp.up_proj.linear,0.8798635601997375,True,"[3072, 768]"
model.vision_tower.encoder.layers.12.mlp.down_proj.linear,0.8547821044921875,True,"[768, 3072]"
model.vision_tower.encoder.layers.13.self_attn.q_proj.linear,0.8696690797805786,True,"[768, 768]"
model.vision_tower.encoder.layers.13.self_attn.k_proj.linear,0.8412141799926758,True,"[768, 768]"
model.vision_tower.encoder.layers.13.self_attn.v_proj.linear,0.8762146234512329,True,"[768, 768]"
model.vision_tower.encoder.layers.13.self_attn.o_proj.linear,0.8580819368362427,True,"[768, 768]"
model.vision_tower.encoder.layers.13.mlp.gate_proj.linear,0.8802772760391235,True,"[3072, 768]"
model.vision_tower.encoder.layers.13.mlp.up_proj.linear,0.8805254101753235,True,"[3072, 768]"
model.vision_tower.encoder.layers.13.mlp.down_proj.linear,0.8692387342453003,True,"[768, 3072]"
model.vision_tower.encoder.layers.14.self_attn.q_proj.linear,0.8618529438972473,True,"[768, 768]"
model.vision_tower.encoder.layers.14.self_attn.k_proj.linear,0.8374385833740234,True,"[768, 768]"
model.vision_tower.encoder.layers.14.self_attn.v_proj.linear,0.8498543500900269,True,"[768, 768]"
model.vision_tower.encoder.layers.14.self_attn.o_proj.linear,0.8544670343399048,True,"[768, 768]"
model.vision_tower.encoder.layers.14.mlp.gate_proj.linear,0.8795174956321716,True,"[3072, 768]"
model.vision_tower.encoder.layers.14.mlp.up_proj.linear,0.8799757361412048,True,"[3072, 768]"
model.vision_tower.encoder.layers.14.mlp.down_proj.linear,0.875247061252594,True,"[768, 3072]"
model.vision_tower.encoder.layers.15.self_attn.q_proj.linear,0.8562047481536865,True,"[768, 768]"
model.vision_tower.encoder.layers.15.self_attn.k_proj.linear,0.8188917636871338,True,"[768, 768]"
model.vision_tower.encoder.layers.15.self_attn.v_proj.linear,0.8281017541885376,True,"[768, 768]"
model.vision_tower.encoder.layers.15.self_attn.o_proj.linear,0.8073065876960754,True,"[768, 768]"
model.vision_tower.encoder.layers.15.mlp.gate_proj.linear,0.8822493553161621,True,"[3072, 768]"
model.vision_tower.encoder.layers.15.mlp.up_proj.linear,0.8807168006896973,True,"[3072, 768]"
model.vision_tower.encoder.layers.15.mlp.down_proj.linear,0.8530359864234924,True,"[768, 3072]"
model.embed_vision.embedding_projection,0.8614605665206909,True,"[1536, 768]"
model.audio_tower.subsample_conv_projection.input_proj_linear,0.8477555513381958,True,"[1024, 1024]"
model.audio_tower.layers.0.feed_forward1.ffw_layer_1.linear,0.9452950358390808,False,"[4096, 1024]"
model.audio_tower.layers.0.feed_forward1.ffw_layer_2.linear,0.9574699401855469,False,"[1024, 4096]"
model.audio_tower.layers.0.feed_forward2.ffw_layer_1.linear,0.948204517364502,False,"[4096, 1024]"
model.audio_tower.layers.0.feed_forward2.ffw_layer_2.linear,0.9567533731460571,False,"[1024, 4096]"
model.audio_tower.layers.0.self_attn.q_proj.linear,0.9442037343978882,False,"[1024, 1024]"
model.audio_tower.layers.0.self_attn.k_proj.linear,0.9486463069915771,False,"[1024, 1024]"
model.audio_tower.layers.0.self_attn.v_proj.linear,0.9503271579742432,False,"[1024, 1024]"
model.audio_tower.layers.0.self_attn.post.linear,0.958266019821167,False,"[1024, 1024]"
model.audio_tower.layers.0.self_attn.relative_k_proj,0.8614073395729065,True,"[1024, 1024]"
model.audio_tower.layers.0.lconv1d.linear_start.linear,0.877400279045105,True,"[2048, 1024]"
model.audio_tower.layers.0.lconv1d.linear_end.linear,0.9543074369430542,False,"[1024, 1024]"
model.audio_tower.layers.1.feed_forward1.ffw_layer_1.linear,0.9476394653320312,False,"[4096, 1024]"
model.audio_tower.layers.1.feed_forward1.ffw_layer_2.linear,0.9588391780853271,False,"[1024, 4096]"
model.audio_tower.layers.1.feed_forward2.ffw_layer_1.linear,0.9463589191436768,False,"[4096, 1024]"
model.audio_tower.layers.1.feed_forward2.ffw_layer_2.linear,0.9571529626846313,False,"[1024, 4096]"
model.audio_tower.layers.1.self_attn.q_proj.linear,0.9576212763786316,False,"[1024, 1024]"
model.audio_tower.layers.1.self_attn.k_proj.linear,0.9530762434005737,False,"[1024, 1024]"
model.audio_tower.layers.1.self_attn.v_proj.linear,0.9533544182777405,False,"[1024, 1024]"
model.audio_tower.layers.1.self_attn.post.linear,0.9485570192337036,False,"[1024, 1024]"
model.audio_tower.layers.1.self_attn.relative_k_proj,0.8454127311706543,True,"[1024, 1024]"
model.audio_tower.layers.1.lconv1d.linear_start.linear,0.8786153793334961,True,"[2048, 1024]"
model.audio_tower.layers.1.lconv1d.linear_end.linear,0.962549090385437,False,"[1024, 1024]"
model.audio_tower.layers.2.feed_forward1.ffw_layer_1.linear,0.9462370872497559,False,"[4096, 1024]"
model.audio_tower.layers.2.feed_forward1.ffw_layer_2.linear,0.9565784931182861,False,"[1024, 4096]"
model.audio_tower.layers.2.feed_forward2.ffw_layer_1.linear,0.9461218118667603,False,"[4096, 1024]"
model.audio_tower.layers.2.feed_forward2.ffw_layer_2.linear,0.9600000381469727,False,"[1024, 4096]"
model.audio_tower.layers.2.self_attn.q_proj.linear,0.9590442776679993,False,"[1024, 1024]"
model.audio_tower.layers.2.self_attn.k_proj.linear,0.9528197050094604,False,"[1024, 1024]"
model.audio_tower.layers.2.self_attn.v_proj.linear,0.9481886625289917,False,"[1024, 1024]"
model.audio_tower.layers.2.self_attn.post.linear,0.9537686109542847,False,"[1024, 1024]"
model.audio_tower.layers.2.self_attn.relative_k_proj,0.8572156429290771,True,"[1024, 1024]"
model.audio_tower.layers.2.lconv1d.linear_start.linear,0.8894050121307373,True,"[2048, 1024]"
model.audio_tower.layers.2.lconv1d.linear_end.linear,0.963180422782898,False,"[1024, 1024]"
model.audio_tower.layers.3.feed_forward1.ffw_layer_1.linear,0.9451907873153687,False,"[4096, 1024]"
model.audio_tower.layers.3.feed_forward1.ffw_layer_2.linear,0.9509050250053406,False,"[1024, 4096]"
model.audio_tower.layers.3.feed_forward2.ffw_layer_1.linear,0.9460895657539368,False,"[4096, 1024]"
model.audio_tower.layers.3.feed_forward2.ffw_layer_2.linear,0.9548773765563965,False,"[1024, 4096]"
model.audio_tower.layers.3.self_attn.q_proj.linear,0.9581790566444397,False,"[1024, 1024]"
model.audio_tower.layers.3.self_attn.k_proj.linear,0.9520166516304016,False,"[1024, 1024]"
model.audio_tower.layers.3.self_attn.v_proj.linear,0.9413955211639404,False,"[1024, 1024]"
model.audio_tower.layers.3.self_attn.post.linear,0.954399824142456,False,"[1024, 1024]"
model.audio_tower.layers.3.self_attn.relative_k_proj,0.8197190165519714,True,"[1024, 1024]"
model.audio_tower.layers.3.lconv1d.linear_start.linear,0.8887519836425781,True,"[2048, 1024]"
model.audio_tower.layers.3.lconv1d.linear_end.linear,0.9628241062164307,False,"[1024, 1024]"
model.audio_tower.layers.4.feed_forward1.ffw_layer_1.linear,0.945807933807373,False,"[4096, 1024]"
model.audio_tower.layers.4.feed_forward1.ffw_layer_2.linear,0.9547886848449707,False,"[1024, 4096]"
model.audio_tower.layers.4.feed_forward2.ffw_layer_1.linear,0.9468371868133545,False,"[4096, 1024]"
model.audio_tower.layers.4.feed_forward2.ffw_layer_2.linear,0.9635801315307617,False,"[1024, 4096]"
model.audio_tower.layers.4.self_attn.q_proj.linear,0.9582328796386719,False,"[1024, 1024]"
model.audio_tower.layers.4.self_attn.k_proj.linear,0.9471697807312012,False,"[1024, 1024]"
model.audio_tower.layers.4.self_attn.v_proj.linear,0.9595115184783936,False,"[1024, 1024]"
model.audio_tower.layers.4.self_attn.post.linear,0.9499192833900452,False,"[1024, 1024]"
model.audio_tower.layers.4.self_attn.relative_k_proj,0.8569977283477783,True,"[1024, 1024]"
model.audio_tower.layers.4.lconv1d.linear_start.linear,0.8885143995285034,True,"[2048, 1024]"
model.audio_tower.layers.4.lconv1d.linear_end.linear,0.9638712406158447,False,"[1024, 1024]"
model.audio_tower.layers.5.feed_forward1.ffw_layer_1.linear,0.9450709223747253,False,"[4096, 1024]"
model.audio_tower.layers.5.feed_forward1.ffw_layer_2.linear,0.9424059391021729,False,"[1024, 4096]"
model.audio_tower.layers.5.feed_forward2.ffw_layer_1.linear,0.9489073753356934,False,"[4096, 1024]"
model.audio_tower.layers.5.feed_forward2.ffw_layer_2.linear,0.966887354850769,False,"[1024, 4096]"
model.audio_tower.layers.5.self_attn.q_proj.linear,0.9554426670074463,False,"[1024, 1024]"
model.audio_tower.layers.5.self_attn.k_proj.linear,0.9549281597137451,False,"[1024, 1024]"
model.audio_tower.layers.5.self_attn.v_proj.linear,0.9608843326568604,False,"[1024, 1024]"
model.audio_tower.layers.5.self_attn.post.linear,0.9483022689819336,False,"[1024, 1024]"
model.audio_tower.layers.5.self_attn.relative_k_proj,0.8725756406784058,True,"[1024, 1024]"
model.audio_tower.layers.5.lconv1d.linear_start.linear,0.8844695687294006,True,"[2048, 1024]"
model.audio_tower.layers.5.lconv1d.linear_end.linear,0.9555681347846985,False,"[1024, 1024]"
model.audio_tower.layers.6.feed_forward1.ffw_layer_1.linear,0.948233962059021,False,"[4096, 1024]"
model.audio_tower.layers.6.feed_forward1.ffw_layer_2.linear,0.956802487373352,False,"[1024, 4096]"
model.audio_tower.layers.6.feed_forward2.ffw_layer_1.linear,0.9474848508834839,False,"[4096, 1024]"
model.audio_tower.layers.6.feed_forward2.ffw_layer_2.linear,0.9589033126831055,False,"[1024, 4096]"
model.audio_tower.layers.6.self_attn.q_proj.linear,0.960281491279602,False,"[1024, 1024]"
model.audio_tower.layers.6.self_attn.k_proj.linear,0.9566861391067505,False,"[1024, 1024]"
model.audio_tower.layers.6.self_attn.v_proj.linear,0.9613845348358154,False,"[1024, 1024]"
model.audio_tower.layers.6.self_attn.post.linear,0.9524623155593872,False,"[1024, 1024]"
model.audio_tower.layers.6.self_attn.relative_k_proj,0.8478347063064575,True,"[1024, 1024]"
model.audio_tower.layers.6.lconv1d.linear_start.linear,0.8784192800521851,True,"[2048, 1024]"
model.audio_tower.layers.6.lconv1d.linear_end.linear,0.9656650424003601,False,"[1024, 1024]"
model.audio_tower.layers.7.feed_forward1.ffw_layer_1.linear,0.9458081722259521,False,"[4096, 1024]"
model.audio_tower.layers.7.feed_forward1.ffw_layer_2.linear,0.9464824199676514,False,"[1024, 4096]"
model.audio_tower.layers.7.feed_forward2.ffw_layer_1.linear,0.9444423913955688,False,"[4096, 1024]"
model.audio_tower.layers.7.feed_forward2.ffw_layer_2.linear,0.9578413367271423,False,"[1024, 4096]"
model.audio_tower.layers.7.self_attn.q_proj.linear,0.9598397016525269,False,"[1024, 1024]"
model.audio_tower.layers.7.self_attn.k_proj.linear,0.9512391090393066,False,"[1024, 1024]"
model.audio_tower.layers.7.self_attn.v_proj.linear,0.957019031047821,False,"[1024, 1024]"
model.audio_tower.layers.7.self_attn.post.linear,0.9414227604866028,False,"[1024, 1024]"
model.audio_tower.layers.7.self_attn.relative_k_proj,0.7943797707557678,True,"[1024, 1024]"
model.audio_tower.layers.7.lconv1d.linear_start.linear,0.8848637938499451,True,"[2048, 1024]"
model.audio_tower.layers.7.lconv1d.linear_end.linear,0.9637967348098755,False,"[1024, 1024]"
model.audio_tower.layers.8.feed_forward1.ffw_layer_1.linear,0.9455159902572632,False,"[4096, 1024]"
model.audio_tower.layers.8.feed_forward1.ffw_layer_2.linear,0.955426812171936,False,"[1024, 4096]"
model.audio_tower.layers.8.feed_forward2.ffw_layer_1.linear,0.9457067847251892,False,"[4096, 1024]"
model.audio_tower.layers.8.feed_forward2.ffw_layer_2.linear,0.9579063653945923,False,"[1024, 4096]"
model.audio_tower.layers.8.self_attn.q_proj.linear,0.9571577906608582,False,"[1024, 1024]"
model.audio_tower.layers.8.self_attn.k_proj.linear,0.9450797438621521,False,"[1024, 1024]"
model.audio_tower.layers.8.self_attn.v_proj.linear,0.959765613079071,False,"[1024, 1024]"
model.audio_tower.layers.8.self_attn.post.linear,0.9523454308509827,False,"[1024, 1024]"
model.audio_tower.layers.8.self_attn.relative_k_proj,0.8437855839729309,True,"[1024, 1024]"
model.audio_tower.layers.8.lconv1d.linear_start.linear,0.8925656080245972,True,"[2048, 1024]"
model.audio_tower.layers.8.lconv1d.linear_end.linear,0.9638344049453735,False,"[1024, 1024]"
model.audio_tower.layers.9.feed_forward1.ffw_layer_1.linear,0.9466917514801025,False,"[4096, 1024]"
model.audio_tower.layers.9.feed_forward1.ffw_layer_2.linear,0.9561514854431152,False,"[1024, 4096]"
model.audio_tower.layers.9.feed_forward2.ffw_layer_1.linear,0.9476180076599121,False,"[4096, 1024]"
model.audio_tower.layers.9.feed_forward2.ffw_layer_2.linear,0.9540303349494934,False,"[1024, 4096]"
model.audio_tower.layers.9.self_attn.q_proj.linear,0.9586254358291626,False,"[1024, 1024]"
model.audio_tower.layers.9.self_attn.k_proj.linear,0.9500414133071899,False,"[1024, 1024]"
model.audio_tower.layers.9.self_attn.v_proj.linear,0.9586641788482666,False,"[1024, 1024]"
model.audio_tower.layers.9.self_attn.post.linear,0.9334880113601685,False,"[1024, 1024]"
model.audio_tower.layers.9.self_attn.relative_k_proj,0.8581928014755249,True,"[1024, 1024]"
model.audio_tower.layers.9.lconv1d.linear_start.linear,0.8918219804763794,True,"[2048, 1024]"
model.audio_tower.layers.9.lconv1d.linear_end.linear,0.9621844291687012,False,"[1024, 1024]"
model.audio_tower.layers.10.feed_forward1.ffw_layer_1.linear,0.9458634853363037,False,"[4096, 1024]"
model.audio_tower.layers.10.feed_forward1.ffw_layer_2.linear,0.9543638229370117,False,"[1024, 4096]"
model.audio_tower.layers.10.feed_forward2.ffw_layer_1.linear,0.9481177926063538,False,"[4096, 1024]"
model.audio_tower.layers.10.feed_forward2.ffw_layer_2.linear,0.9585418701171875,False,"[1024, 4096]"
model.audio_tower.layers.10.self_attn.q_proj.linear,0.9580914974212646,False,"[1024, 1024]"
model.audio_tower.layers.10.self_attn.k_proj.linear,0.9449902176856995,False,"[1024, 1024]"
model.audio_tower.layers.10.self_attn.v_proj.linear,0.960176408290863,False,"[1024, 1024]"
model.audio_tower.layers.10.self_attn.post.linear,0.9418964982032776,False,"[1024, 1024]"
model.audio_tower.layers.10.self_attn.relative_k_proj,0.8474547863006592,True,"[1024, 1024]"
model.audio_tower.layers.10.lconv1d.linear_start.linear,0.8855335712432861,True,"[2048, 1024]"
model.audio_tower.layers.10.lconv1d.linear_end.linear,0.9607287645339966,False,"[1024, 1024]"
model.audio_tower.layers.11.feed_forward1.ffw_layer_1.linear,0.9459872245788574,False,"[4096, 1024]"
model.audio_tower.layers.11.feed_forward1.ffw_layer_2.linear,0.9590901136398315,False,"[1024, 4096]"
model.audio_tower.layers.11.feed_forward2.ffw_layer_1.linear,0.942156195640564,False,"[4096, 1024]"
model.audio_tower.layers.11.feed_forward2.ffw_layer_2.linear,0.948006272315979,False,"[1024, 4096]"
model.audio_tower.layers.11.self_attn.q_proj.linear,0.95838463306427,False,"[1024, 1024]"
model.audio_tower.layers.11.self_attn.k_proj.linear,0.9473592042922974,False,"[1024, 1024]"
model.audio_tower.layers.11.self_attn.v_proj.linear,0.9582964777946472,False,"[1024, 1024]"
model.audio_tower.layers.11.self_attn.post.linear,0.9441001415252686,False,"[1024, 1024]"
model.audio_tower.layers.11.self_attn.relative_k_proj,0.8536123037338257,True,"[1024, 1024]"
model.audio_tower.layers.11.lconv1d.linear_start.linear,0.8836344480514526,True,"[2048, 1024]"
model.audio_tower.layers.11.lconv1d.linear_end.linear,0.9560370445251465,False,"[1024, 1024]"
model.audio_tower.output_proj,0.856559157371521,True,"[1536, 1024]"
model.embed_audio.embedding_projection,0.869617223739624,True,"[1536, 1536]"
lm_head,0.876639723777771,True,"[262144, 1536]"
